{
  "name": "Scratch Notifier",
  "description": "Notifications on new Scratch messages. By World_Languages.",
  "permissions": ["notifications"],
  "persistent_scripts": ["background.js"],
  "options": [
    {
      "name": "💬 Comments for me (replies and profile comments)",
      "id": "commentsforme_notifications",
      "type": "boolean",
      "default": true
    },
    {
      "name": "💬 Comments on my projects",
      "id": "commentsonmyprojects_notifications",
      "type": "boolean",
      "default": true
    },
    {
      "name": "📚 Forum activity",
      "id": "forumpost_notifications",
      "type": "boolean",
      "default": true
    },
    {
      "name": "❤️ Project loves",
      "id": "loveproject_notifications",
      "type": "boolean",
      "default": true
    },
    {
      "name": "⭐ Project favorites",
      "id": "favoriteproject_notifications",
      "type": "boolean",
      "default": true
    },
    {
      "name": "👤 New followers",
      "id": "followuser_notifications",
      "type": "boolean",
      "default": true
    },
    {
      "name": "✉️ Studio invites",
      "id": "curatorinvite_notifications",
      "type": "boolean",
      "default": true
    },
    {
      "name": "🆕 Studio activity",
      "id": "studioactivity_notifications",
      "type": "boolean",
      "default": true
    },
    {
      "name": "🔄 Project remixes",
      "id": "remixproject_notifications",
      "type": "boolean",
      "default": true
    }
  ],
  "tags": ["community"],
  "enabled_by_default": false
}
